{
  "correct@1": 6493.0,
  "correct@3": 8911.0,
  "correct@5": 9479.0,
  "correct@10": 9964.0,
  "rr": 7816.3537521362305,
  "ndcg": 67.2289664193236,
  "f1": 0,
  "total": 12368.0,
  "acc@1": 52.498382923674,
  "acc@5": 76.64133247089264,
  "acc@10": 80.5627425614489,
  "mrr": 63.19820304120497
}