{
  "train_loss": [
    6.73955568026852,
    5.1324756604594155,
    3.831888040980777,
    3.359577886558868,
    3.180753020821391,
    3.06265792814461,
    2.9820458643339776,
    2.918705319633355,
    2.8666313181857803,
    2.8201010062082394,
    2.7806465609653577,
    2.7437441051006317,
    2.7114663740267626,
    2.6821853683606998,
    2.6556338740361705,
    2.629168003797531,
    2.6090408869691797,
    2.5907090036450207,
    2.5705917010436186,
    2.55324026338152,
    2.5364041807683737,
    2.520628341951886
  ],
  "val_acc@1": [
    29.124015748031496,
    42.49015748031496,
    49.68503937007874,
    51.09251968503937,
    51.387795275590555,
    51.66338582677166,
    52.11614173228346,
    51.77165354330708,
    51.574803149606296,
    51.73228346456693,
    51.32874015748031,
    51.19094488188976,
    50.77755905511812,
    51.023622047244096,
    51.2007874015748,
    50.196850393700785,
    50.895669291338585,
    50.501968503937015,
    50.6496062992126,
    50.18700787401574,
    50.61023622047244,
    50.12795275590551
  ],
  "test_acc@1": [
    32.43046571798189,
    44.13809831824062,
    51.059184993531694,
    51.79495472186287,
    51.924320827943085,
    52.34476067270375,
    52.498382923674,
    52.16688227684346,
    52.862225097024584,
    52.15071151358344,
    51.68175937904269,
    51.97283311772316,
    51.997089262613194,
    52.22347994825356,
    51.84346701164295,
    51.964747736093145,
    52.0617723156533,
    51.31791720569211,
    51.65750323415266,
    51.220892626131956,
    51.52813712807245,
    51.37451487710219
  ],
  "learning_rate": [
    0.0002,
    0.0004,
    0.0006000000000000001,
    0.0008,
    0.001,
    0.001,
    0.0009997269020417926,
    0.0009989079067957778,
    0.0009975439098212332,
    0.0009956364026288242,
    0.0009931874710496598,
    0.0009901997929544673,
    0.000986676635325379,
    0.0009826218506835357,
    0.0009780398728764118,
    0.0009729357122294671,
    0.0009673149500674308,
    0.0009611837326112038,
    0.0009545487642570568,
    0.0009474173002454715,
    0.0009397971387276414,
    0.0009316966122383083
  ]
}